label,i,j,K_ij
attn,1,0,0.614715039730072
attn,2,0,0.6083629131317139
attn,2,1,0.6041476726531982
attn,3,0,0.6665548086166382
attn,3,1,0.6579055786132812
attn,3,2,0.6529972553253174
attn,4,0,0.6214449405670166
attn,4,1,0.6195908784866333
attn,4,2,0.6191172003746033
attn,4,3,0.6684883832931519
attn,5,0,0.602336049079895
attn,5,1,0.6026771664619446
attn,5,2,0.6026906967163086
attn,5,3,0.6481592655181885
attn,5,4,0.614891529083252
attn,6,0,0.5716003179550171
attn,6,1,0.5617585778236389
attn,6,2,0.561585009098053
attn,6,3,0.617548942565918
attn,6,4,0.5720920562744141
attn,6,5,0.5680926442146301
attn,7,0,0.5424153804779053
attn,7,1,0.5446135997772217
attn,7,2,0.5463681221008301
attn,7,3,0.5953950881958008
attn,7,4,0.5509284734725952
attn,7,5,0.5529518127441406
attn,7,6,0.5092533230781555
attn,8,0,0.5961282849311829
attn,8,1,0.5877014398574829
attn,8,2,0.5874908566474915
attn,8,3,0.6431349515914917
attn,8,4,0.60518479347229
attn,8,5,0.587281346321106
attn,8,6,0.5572489500045776
attn,8,7,0.52805495262146
attn,9,0,0.5675845146179199
attn,9,1,0.5633575320243835
attn,9,2,0.5667706727981567
attn,9,3,0.6159579753875732
attn,9,4,0.5799182653427124
attn,9,5,0.5674837827682495
attn,9,6,0.5223511457443237
attn,9,7,0.5213461518287659
attn,9,8,0.5390183329582214
attn,10,0,0.6107900142669678
attn,10,1,0.6034574508666992
attn,10,2,0.5954266786575317
attn,10,3,0.661450982093811
attn,10,4,0.6279818415641785
attn,10,5,0.60770183801651
attn,10,6,0.5750081539154053
attn,10,7,0.5573057532310486
attn,10,8,0.594997763633728
attn,10,9,0.568205714225769
attn,11,0,0.5934187769889832
attn,11,1,0.5811772346496582
attn,11,2,0.5896421670913696
attn,11,3,0.6292727589607239
attn,11,4,0.5914994478225708
attn,11,5,0.5774798393249512
attn,11,6,0.5412682294845581
attn,11,7,0.5271278619766235
attn,11,8,0.5660550594329834
attn,11,9,0.5440571308135986
attn,11,10,0.5767078399658203
attn,12,0,0.6057851314544678
attn,12,1,0.5936781167984009
attn,12,2,0.5985419750213623
attn,12,3,0.6551767587661743
attn,12,4,0.615737795829773
attn,12,5,0.6070565581321716
attn,12,6,0.5537545680999756
attn,12,7,0.558941125869751
attn,12,8,0.5964624285697937
attn,12,9,0.5613306760787964
attn,12,10,0.6009092330932617
attn,12,11,0.5876268148422241
attn,13,0,0.6014367341995239
attn,13,1,0.5995290279388428
attn,13,2,0.6038854122161865
attn,13,3,0.6519221067428589
attn,13,4,0.6139802932739258
attn,13,5,0.6045803427696228
attn,13,6,0.5576428174972534
attn,13,7,0.5523115396499634
attn,13,8,0.583737850189209
attn,13,9,0.5607867240905762
attn,13,10,0.6013697385787964
attn,13,11,0.5822033882141113
attn,13,12,0.596687376499176
attn,14,0,0.5868037939071655
attn,14,1,0.5834915041923523
attn,14,2,0.5799267888069153
attn,14,3,0.6247556805610657
attn,14,4,0.6016465425491333
attn,14,5,0.5748397707939148
attn,14,6,0.5506923198699951
attn,14,7,0.534713625907898
attn,14,8,0.5669673681259155
attn,14,9,0.5516160726547241
attn,14,10,0.590915858745575
attn,14,11,0.5751190781593323
attn,14,12,0.5839964151382446
attn,14,13,0.5851929783821106
attn,15,0,0.5350373983383179
attn,15,1,0.5265288352966309
attn,15,2,0.5215670466423035
attn,15,3,0.5633688569068909
attn,15,4,0.5423208475112915
attn,15,5,0.5376207828521729
attn,15,6,0.4962581396102905
attn,15,7,0.48992419242858887
attn,15,8,0.5150655508041382
attn,15,9,0.5044347047805786
attn,15,10,0.5362655520439148
attn,15,11,0.5130643248558044
attn,15,12,0.5359890460968018
attn,15,13,0.5217779874801636
attn,15,14,0.5221381187438965
attn,16,0,0.5725188255310059
attn,16,1,0.5665895938873291
attn,16,2,0.5762225389480591
attn,16,3,0.617656946182251
attn,16,4,0.5921344757080078
attn,16,5,0.5673303604125977
attn,16,6,0.5381505489349365
attn,16,7,0.5203018188476562
attn,16,8,0.5608464479446411
attn,16,9,0.5218773484230042
attn,16,10,0.5777565240859985
attn,16,11,0.5552642345428467
attn,16,12,0.5717410445213318
attn,16,13,0.5649320483207703
attn,16,14,0.5626031756401062
attn,16,15,0.5042961835861206
attn,17,0,0.5655112862586975
attn,17,1,0.5586076378822327
attn,17,2,0.5616275072097778
attn,17,3,0.6087603569030762
attn,17,4,0.5794822573661804
attn,17,5,0.5520904064178467
attn,17,6,0.5196267366409302
attn,17,7,0.5055427551269531
attn,17,8,0.5479742288589478
attn,17,9,0.5192431807518005
attn,17,10,0.5676271319389343
attn,17,11,0.5441194772720337
attn,17,12,0.5564471483230591
attn,17,13,0.5633888244628906
attn,17,14,0.5505342483520508
attn,17,15,0.4924798011779785
attn,17,16,0.5412110090255737
attn,18,0,0.5548243522644043
attn,18,1,0.553896963596344
attn,18,2,0.5667842030525208
attn,18,3,0.600561797618866
attn,18,4,0.5760291814804077
attn,18,5,0.5493425130844116
attn,18,6,0.5211896896362305
attn,18,7,0.5193930268287659
attn,18,8,0.5405365824699402
attn,18,9,0.5198980569839478
attn,18,10,0.5664039850234985
attn,18,11,0.5480816960334778
attn,18,12,0.5581435561180115
attn,18,13,0.5516301989555359
attn,18,14,0.5627079010009766
attn,18,15,0.4978843331336975
attn,18,16,0.5419390201568604
attn,18,17,0.5159587264060974
attn,19,0,0.582077145576477
attn,19,1,0.5710017085075378
attn,19,2,0.554655909538269
attn,19,3,0.6226766109466553
attn,19,4,0.5862950086593628
attn,19,5,0.5622915029525757
attn,19,6,0.531883716583252
attn,19,7,0.5126863718032837
attn,19,8,0.5664368867874146
attn,19,9,0.5212916135787964
attn,19,10,0.5790681838989258
attn,19,11,0.543125569820404
attn,19,12,0.5615059733390808
attn,19,13,0.5629172325134277
attn,19,14,0.5501176118850708
attn,19,15,0.4956004023551941
attn,19,16,0.5308166742324829
attn,19,17,0.5334532856941223
attn,19,18,0.5167701840400696
attn,20,0,0.6489376425743103
attn,20,1,0.6413012742996216
attn,20,2,0.6354153156280518
attn,20,3,0.7023518681526184
attn,20,4,0.6565510034561157
attn,20,5,0.6337370872497559
attn,20,6,0.592363715171814
attn,20,7,0.5825937390327454
attn,20,8,0.6222351789474487
attn,20,9,0.6023998260498047
attn,20,10,0.6479809284210205
attn,20,11,0.6153641939163208
attn,20,12,0.641028642654419
attn,20,13,0.6380724906921387
attn,20,14,0.6234067678451538
attn,20,15,0.5706554055213928
attn,20,16,0.5996500253677368
attn,20,17,0.596030592918396
attn,20,18,0.5908194780349731
attn,20,19,0.6056097745895386
attn,21,0,0.5922901034355164
attn,21,1,0.5824266076087952
attn,21,2,0.5777924656867981
attn,21,3,0.6380141973495483
attn,21,4,0.6010360717773438
attn,21,5,0.5759917497634888
attn,21,6,0.5444951057434082
attn,21,7,0.5302562713623047
attn,21,8,0.5765663385391235
attn,21,9,0.5396616458892822
attn,21,10,0.5922415256500244
attn,21,11,0.560474157333374
attn,21,12,0.58400559425354
attn,21,13,0.58162522315979
attn,21,14,0.567907452583313
attn,21,15,0.5199136734008789
attn,21,16,0.5492079257965088
attn,21,17,0.5420888662338257
attn,21,18,0.5383346080780029
attn,21,19,0.5512460470199585
attn,21,20,0.6267982721328735
attn,22,0,0.5860320925712585
attn,22,1,0.5857923030853271
attn,22,2,0.5774228572845459
attn,22,3,0.6384896039962769
attn,22,4,0.5994676351547241
attn,22,5,0.5727012157440186
attn,22,6,0.5416186451911926
attn,22,7,0.5301382541656494
attn,22,8,0.5778980255126953
attn,22,9,0.5462806820869446
attn,22,10,0.5882928967475891
attn,22,11,0.5587149262428284
attn,22,12,0.5876755714416504
attn,22,13,0.5755819082260132
attn,22,14,0.5662214159965515
attn,22,15,0.5135703682899475
attn,22,16,0.5532143712043762
attn,22,17,0.5323253273963928
attn,22,18,0.5403125286102295
attn,22,19,0.5498749017715454
attn,22,20,0.61347496509552
attn,22,21,0.5648105144500732
attn,23,0,0.5957469940185547
attn,23,1,0.5966612100601196
attn,23,2,0.5871504545211792
attn,23,3,0.641423225402832
attn,23,4,0.6093993186950684
attn,23,5,0.586138129234314
attn,23,6,0.5503420829772949
attn,23,7,0.5333852171897888
attn,23,8,0.5798962116241455
attn,23,9,0.549881100654602
attn,23,10,0.5949611663818359
attn,23,11,0.5672132968902588
attn,23,12,0.5926685333251953
attn,23,13,0.5881725549697876
attn,23,14,0.5705628991127014
attn,23,15,0.5245552062988281
attn,23,16,0.5565569996833801
attn,23,17,0.5454933643341064
attn,23,18,0.5418639183044434
attn,23,19,0.5523787140846252
attn,23,20,0.617487370967865
attn,23,21,0.5773234367370605
attn,23,22,0.5771791934967041
attn,24,0,0.5972487926483154
attn,24,1,0.5940771102905273
attn,24,2,0.5921095013618469
attn,24,3,0.6486707925796509
attn,24,4,0.6034982204437256
attn,24,5,0.5980633497238159
attn,24,6,0.5581092834472656
attn,24,7,0.5361891984939575
attn,24,8,0.5815378427505493
attn,24,9,0.5508795976638794
attn,24,10,0.593399167060852
attn,24,11,0.5750916004180908
attn,24,12,0.5947263240814209
attn,24,13,0.5961343050003052
attn,24,14,0.5820959806442261
attn,24,15,0.520667552947998
attn,24,16,0.5578550100326538
attn,24,17,0.5498877763748169
attn,24,18,0.5447204113006592
attn,24,19,0.566724419593811
attn,24,20,0.6267592310905457
attn,24,21,0.5713537931442261
attn,24,22,0.5765662789344788
attn,24,23,0.5880986452102661
attn,25,0,0.5626440048217773
attn,25,1,0.5533792972564697
attn,25,2,0.5497452616691589
attn,25,3,0.6004551649093628
attn,25,4,0.5701195001602173
attn,25,5,0.5495766401290894
attn,25,6,0.5172553062438965
attn,25,7,0.5005378127098083
attn,25,8,0.5478773713111877
attn,25,9,0.5213695168495178
attn,25,10,0.5596601963043213
attn,25,11,0.5336726903915405
attn,25,12,0.5550680160522461
attn,25,13,0.5469648241996765
attn,25,14,0.5396224856376648
attn,25,15,0.48666632175445557
attn,25,16,0.5266815423965454
attn,25,17,0.5054963827133179
attn,25,18,0.5074010491371155
attn,25,19,0.5271390676498413
attn,25,20,0.5934234857559204
attn,25,21,0.5380628705024719
attn,25,22,0.5416349172592163
attn,25,23,0.5417264103889465
attn,25,24,0.5409538745880127
attn,26,0,0.5582315325737
attn,26,1,0.5477294921875
attn,26,2,0.5531064867973328
attn,26,3,0.6004917621612549
attn,26,4,0.5604017376899719
attn,26,5,0.549599826335907
attn,26,6,0.5324859619140625
attn,26,7,0.506603479385376
attn,26,8,0.5389907360076904
attn,26,9,0.5297272205352783
attn,26,10,0.562218189239502
attn,26,11,0.5483433604240417
attn,26,12,0.5549423694610596
attn,26,13,0.5461241602897644
attn,26,14,0.5525258183479309
attn,26,15,0.500953197479248
attn,26,16,0.5209102630615234
attn,26,17,0.5168716907501221
attn,26,18,0.521327018737793
attn,26,19,0.5205948352813721
attn,26,20,0.5914778113365173
attn,26,21,0.5394489765167236
attn,26,22,0.5294632911682129
attn,26,23,0.5489076375961304
attn,26,24,0.5476400256156921
attn,26,25,0.5068366527557373
attn,27,0,0.6500650644302368
attn,27,1,0.6473437547683716
attn,27,2,0.6360883712768555
attn,27,3,0.7092171907424927
attn,27,4,0.6659380197525024
attn,27,5,0.6318265199661255
attn,27,6,0.6017820835113525
attn,27,7,0.5884047746658325
attn,27,8,0.6361703872680664
attn,27,9,0.6014650464057922
attn,27,10,0.6551378965377808
attn,27,11,0.6085478067398071
attn,27,12,0.644888162612915
attn,27,13,0.6511222124099731
attn,27,14,0.6337913274765015
attn,27,15,0.5624185800552368
attn,27,16,0.6085905432701111
attn,27,17,0.6024730801582336
attn,27,18,0.5945836901664734
attn,27,19,0.6070343852043152
attn,27,20,0.6890181303024292
attn,27,21,0.6333816051483154
attn,27,22,0.6279247999191284
attn,27,23,0.6338061094284058
attn,27,24,0.6366350650787354
attn,27,25,0.588542103767395
attn,27,26,0.5912731885910034
attn,28,0,0.5450162887573242
attn,28,1,0.5376675128936768
attn,28,2,0.5455001592636108
attn,28,3,0.5943818092346191
attn,28,4,0.5556954145431519
attn,28,5,0.5361064672470093
attn,28,6,0.5182032585144043
attn,28,7,0.5113485455513
attn,28,8,0.5329598188400269
attn,28,9,0.5166841745376587
attn,28,10,0.5524827241897583
attn,28,11,0.5293020009994507
attn,28,12,0.5499531626701355
attn,28,13,0.5432381629943848
attn,28,14,0.5300924777984619
attn,28,15,0.4798646569252014
attn,28,16,0.5260244011878967
attn,28,17,0.5095570087432861
attn,28,18,0.5138843655586243
attn,28,19,0.5114895701408386
attn,28,20,0.5707780122756958
attn,28,21,0.5248552560806274
attn,28,22,0.5294632315635681
attn,28,23,0.5335938930511475
attn,28,24,0.5336083769798279
attn,28,25,0.5001844167709351
attn,28,26,0.5158134698867798
attn,28,27,0.584064245223999
attn,29,0,0.5142017602920532
attn,29,1,0.5009325742721558
attn,29,2,0.5080980062484741
attn,29,3,0.5335922241210938
attn,29,4,0.5139504671096802
attn,29,5,0.5006589889526367
attn,29,6,0.48008790612220764
attn,29,7,0.47365912795066833
attn,29,8,0.4892408549785614
attn,29,9,0.47507554292678833
attn,29,10,0.5054992437362671
attn,29,11,0.4980279207229614
attn,29,12,0.5080312490463257
attn,29,13,0.4959985017776489
attn,29,14,0.5058053731918335
attn,29,15,0.445804238319397
attn,29,16,0.4786073565483093
attn,29,17,0.4627554416656494
attn,29,18,0.4763040542602539
attn,29,19,0.46666663885116577
attn,29,20,0.5278029441833496
attn,29,21,0.4979322552680969
attn,29,22,0.4844471514225006
attn,29,23,0.49379345774650574
attn,29,24,0.4943981170654297
attn,29,25,0.46289631724357605
attn,29,26,0.4780983328819275
attn,29,27,0.5393809080123901
attn,29,28,0.4612007737159729
attn,30,0,0.634034276008606
attn,30,1,0.6341938376426697
attn,30,2,0.6279428005218506
attn,30,3,0.6944352388381958
attn,30,4,0.647257924079895
attn,30,5,0.6200061440467834
attn,30,6,0.597917914390564
attn,30,7,0.5726020336151123
attn,30,8,0.617172360420227
attn,30,9,0.596676230430603
attn,30,10,0.6317281723022461
attn,30,11,0.6083658933639526
attn,30,12,0.6356540322303772
attn,30,13,0.62071692943573
attn,30,14,0.6196560859680176
attn,30,15,0.5569515228271484
attn,30,16,0.6009846329689026
attn,30,17,0.5924437046051025
attn,30,18,0.5965150594711304
attn,30,19,0.583422064781189
attn,30,20,0.6747170090675354
attn,30,21,0.614535391330719
attn,30,22,0.6051845550537109
attn,30,23,0.6164288520812988
attn,30,24,0.6167986392974854
attn,30,25,0.5771819353103638
attn,30,26,0.5968754291534424
attn,30,27,0.6804958581924438
attn,30,28,0.5775588154792786
attn,30,29,0.5331331491470337
attn,31,0,0.5575307607650757
attn,31,1,0.5364605188369751
attn,31,2,0.5547734498977661
attn,31,3,0.6048736572265625
attn,31,4,0.567375659942627
attn,31,5,0.5495595932006836
attn,31,6,0.533461332321167
attn,31,7,0.5092880129814148
attn,31,8,0.5458070039749146
attn,31,9,0.5115166306495667
attn,31,10,0.5557506680488586
attn,31,11,0.5322687029838562
attn,31,12,0.5569412708282471
attn,31,13,0.5547009706497192
attn,31,14,0.539867103099823
attn,31,15,0.48578381538391113
attn,31,16,0.5259113907814026
attn,31,17,0.5162825584411621
attn,31,18,0.519950270652771
attn,31,19,0.5096602439880371
attn,31,20,0.5832268595695496
attn,31,21,0.5417815446853638
attn,31,22,0.5373936295509338
attn,31,23,0.5431473255157471
attn,31,24,0.5460629463195801
attn,31,25,0.5102406740188599
attn,31,26,0.5151606798171997
attn,31,27,0.5892223119735718
attn,31,28,0.5153565406799316
attn,31,29,0.4611908197402954
attn,31,30,0.5909821391105652
attn,32,0,0.6047224402427673
attn,32,1,0.6036771535873413
attn,32,2,0.5910977721214294
attn,32,3,0.6582121253013611
attn,32,4,0.6164262294769287
attn,32,5,0.5990568995475769
attn,32,6,0.5585176944732666
attn,32,7,0.5436216592788696
attn,32,8,0.5844693183898926
attn,32,9,0.5614068508148193
attn,32,10,0.6052117347717285
attn,32,11,0.5800808072090149
attn,32,12,0.6011573672294617
attn,32,13,0.5978890657424927
attn,32,14,0.5823888778686523
attn,32,15,0.5279635190963745
attn,32,16,0.5718880295753479
attn,32,17,0.5633684992790222
attn,32,18,0.5515158772468567
attn,32,19,0.564984917640686
attn,32,20,0.6307713389396667
attn,32,21,0.5786553621292114
attn,32,22,0.5764337778091431
attn,32,23,0.5833727121353149
attn,32,24,0.5885897874832153
attn,32,25,0.546334981918335
attn,32,26,0.5548198223114014
attn,32,27,0.6431069374084473
attn,32,28,0.5424045324325562
attn,32,29,0.4965129792690277
attn,32,30,0.6392741203308105
attn,32,31,0.551973819732666
attn,33,0,0.5539981722831726
attn,33,1,0.5382049083709717
attn,33,2,0.543144941329956
attn,33,3,0.5899223685264587
attn,33,4,0.5686743855476379
attn,33,5,0.5487267374992371
attn,33,6,0.5235180258750916
attn,33,7,0.502251148223877
attn,33,8,0.5400166511535645
attn,33,9,0.5226718187332153
attn,33,10,0.5473513603210449
attn,33,11,0.5252621173858643
attn,33,12,0.5417426824569702
attn,33,13,0.5490162372589111
attn,33,14,0.528977632522583
attn,33,15,0.48259520530700684
attn,33,16,0.5146336555480957
attn,33,17,0.49503985047340393
attn,33,18,0.5064274072647095
attn,33,19,0.5202361345291138
attn,33,20,0.5764328241348267
attn,33,21,0.5359939336776733
attn,33,22,0.5259981155395508
attn,33,23,0.5346411466598511
attn,33,24,0.5348273515701294
attn,33,25,0.5092183947563171
attn,33,26,0.5199441909790039
attn,33,27,0.5785229802131653
attn,33,28,0.49727940559387207
attn,33,29,0.4590606987476349
attn,33,30,0.5778440237045288
attn,33,31,0.512173056602478
attn,33,32,0.5367770195007324
attn,34,0,0.5851204991340637
attn,34,1,0.5850006341934204
attn,34,2,0.5813426971435547
attn,34,3,0.6331143379211426
attn,34,4,0.5889306664466858
attn,34,5,0.580044150352478
attn,34,6,0.5610215663909912
attn,34,7,0.5365397930145264
attn,34,8,0.5733500719070435
attn,34,9,0.5454741716384888
attn,34,10,0.5858970284461975
attn,34,11,0.5736995935440063
attn,34,12,0.5859414339065552
attn,34,13,0.5810714960098267
attn,34,14,0.5800056457519531
attn,34,15,0.5148963332176208
attn,34,16,0.5459171533584595
attn,34,17,0.5558689832687378
attn,34,18,0.544563353061676
attn,34,19,0.5511030554771423
attn,34,20,0.6240193247795105
attn,34,21,0.564044713973999
attn,34,22,0.5662893652915955
attn,34,23,0.5648999214172363
attn,34,24,0.5784621238708496
attn,34,25,0.5370314121246338
attn,34,26,0.5669853687286377
attn,34,27,0.6233030557632446
attn,34,28,0.5382462739944458
attn,34,29,0.4916848838329315
attn,34,30,0.6141760349273682
attn,34,31,0.5415665507316589
attn,34,32,0.5880651473999023
attn,34,33,0.5374406576156616
attn,35,0,0.5973109006881714
attn,35,1,0.5868687033653259
attn,35,2,0.5787377953529358
attn,35,3,0.6365747451782227
attn,35,4,0.598259687423706
attn,35,5,0.5819039344787598
attn,35,6,0.5468248128890991
attn,35,7,0.5172849893569946
attn,35,8,0.576097846031189
attn,35,9,0.545967161655426
attn,35,10,0.5849297046661377
attn,35,11,0.5660523176193237
attn,35,12,0.5821725130081177
attn,35,13,0.5792298913002014
attn,35,14,0.568221926689148
attn,35,15,0.5184136629104614
attn,35,16,0.5432157516479492
attn,35,17,0.5405769944190979
attn,35,18,0.534137487411499
attn,35,19,0.559575080871582
attn,35,20,0.6154226064682007
attn,35,21,0.5634490251541138
attn,35,22,0.5646970272064209
attn,35,23,0.5744117498397827
attn,35,24,0.5763304233551025
attn,35,25,0.538166880607605
attn,35,26,0.541581392288208
attn,35,27,0.6213827133178711
attn,35,28,0.5342035293579102
attn,35,29,0.4840608239173889
attn,35,30,0.6140183210372925
attn,35,31,0.5346935987472534
attn,35,32,0.5818924307823181
attn,35,33,0.5279868841171265
attn,35,34,0.5592358112335205
attn,36,0,0.5568952560424805
attn,36,1,0.5656795501708984
attn,36,2,0.5509383678436279
attn,36,3,0.5996146202087402
attn,36,4,0.570790708065033
attn,36,5,0.5365813374519348
attn,36,6,0.5111696720123291
attn,36,7,0.5053056478500366
attn,36,8,0.538643479347229
attn,36,9,0.5336317420005798
attn,36,10,0.5542988777160645
attn,36,11,0.5345931053161621
attn,36,12,0.5483965277671814
attn,36,13,0.5444865226745605
attn,36,14,0.5392278432846069
attn,36,15,0.4927217364311218
attn,36,16,0.5192369222640991
attn,36,17,0.5062131881713867
attn,36,18,0.5206617116928101
attn,36,19,0.5182318687438965
attn,36,20,0.5864577293395996
attn,36,21,0.5400487184524536
attn,36,22,0.5454263687133789
attn,36,23,0.5451982617378235
attn,36,24,0.5397053956985474
attn,36,25,0.5075293183326721
attn,36,26,0.5175677537918091
attn,36,27,0.5901781320571899
attn,36,28,0.5038795471191406
attn,36,29,0.45829683542251587
attn,36,30,0.5803508758544922
attn,36,31,0.5104150176048279
attn,36,32,0.5472215414047241
attn,36,33,0.5140712261199951
attn,36,34,0.5388927459716797
attn,36,35,0.5338015556335449
attn,37,0,0.5842190980911255
attn,37,1,0.5762312412261963
attn,37,2,0.5739948749542236
attn,37,3,0.6271510124206543
attn,37,4,0.5906299352645874
attn,37,5,0.5816539525985718
attn,37,6,0.5561577081680298
attn,37,7,0.5330851078033447
attn,37,8,0.5678305625915527
attn,37,9,0.5415855646133423
attn,37,10,0.598691463470459
attn,37,11,0.5599697828292847
attn,37,12,0.5892499685287476
attn,37,13,0.5751015543937683
attn,37,14,0.5704880356788635
attn,37,15,0.5184574127197266
attn,37,16,0.5482922196388245
attn,37,17,0.5347862243652344
attn,37,18,0.5447428226470947
attn,37,19,0.5495485067367554
attn,37,20,0.6171064376831055
attn,37,21,0.5579056739807129
attn,37,22,0.5680743455886841
attn,37,23,0.5691936016082764
attn,37,24,0.5758832693099976
attn,37,25,0.5459362864494324
attn,37,26,0.5360363721847534
attn,37,27,0.6155186295509338
attn,37,28,0.5262222290039062
attn,37,29,0.483530730009079
attn,37,30,0.6107334494590759
attn,37,31,0.5393445491790771
attn,37,32,0.5780768394470215
attn,37,33,0.526394784450531
attn,37,34,0.5620743036270142
attn,37,35,0.5641528367996216
attn,37,36,0.5358543395996094
attn,38,0,0.5562230348587036
attn,38,1,0.555602490901947
attn,38,2,0.5546742677688599
attn,38,3,0.6070554256439209
attn,38,4,0.5623689889907837
attn,38,5,0.5467537641525269
attn,38,6,0.5236959457397461
attn,38,7,0.5057703256607056
attn,38,8,0.5364491939544678
attn,38,9,0.5200978517532349
attn,38,10,0.5576725006103516
attn,38,11,0.5435186624526978
attn,38,12,0.5471642017364502
attn,38,13,0.5508939027786255
attn,38,14,0.5460155010223389
attn,38,15,0.4947897791862488
attn,38,16,0.518452525138855
attn,38,17,0.5110164880752563
attn,38,18,0.5215100646018982
attn,38,19,0.5165501832962036
attn,38,20,0.583358883857727
attn,38,21,0.5336650609970093
attn,38,22,0.5321158766746521
attn,38,23,0.5455374121665955
attn,38,24,0.5497956275939941
attn,38,25,0.5098899006843567
attn,38,26,0.5286919474601746
attn,38,27,0.583878755569458
attn,38,28,0.5027080774307251
attn,38,29,0.4685065746307373
attn,38,30,0.588725209236145
attn,38,31,0.5151709318161011
attn,38,32,0.5556097030639648
attn,38,33,0.5093203783035278
attn,38,34,0.5380755662918091
attn,38,35,0.5359663963317871
attn,38,36,0.5095227360725403
attn,38,37,0.5389416813850403
attn,39,0,0.5694929361343384
attn,39,1,0.563890814781189
attn,39,2,0.570542573928833
attn,39,3,0.6194478273391724
attn,39,4,0.581331193447113
attn,39,5,0.5575509071350098
attn,39,6,0.5246946215629578
attn,39,7,0.5152126550674438
attn,39,8,0.5484237670898438
attn,39,9,0.5359346866607666
attn,39,10,0.5646635293960571
attn,39,11,0.5514219999313354
attn,39,12,0.5768824815750122
attn,39,13,0.5622378587722778
attn,39,14,0.5542563796043396
attn,39,15,0.4989224672317505
attn,39,16,0.5322874784469604
attn,39,17,0.5288909673690796
attn,39,18,0.5225387215614319
attn,39,19,0.5383085608482361
attn,39,20,0.6001021265983582
attn,39,21,0.540778636932373
attn,39,22,0.5527364015579224
attn,39,23,0.5564634799957275
attn,39,24,0.55901038646698
attn,39,25,0.5165364146232605
attn,39,26,0.5303215384483337
attn,39,27,0.6123970150947571
attn,39,28,0.5286902189254761
attn,39,29,0.47653526067733765
attn,39,30,0.6053546667098999
attn,39,31,0.520462691783905
attn,39,32,0.5617146492004395
attn,39,33,0.5070772171020508
attn,39,34,0.5513544678688049
attn,39,35,0.5586495399475098
attn,39,36,0.519863486289978
attn,39,37,0.5457972884178162
attn,39,38,0.5226930379867554
