Wall time,Step,Value
1676027171.463534,0,1.0
1676027171.464892,1,1.0
1676027171.465888,2,1.0
1676027171.466859,3,1.0
1676027171.467852,4,1.0
1676027171.468819,5,1.0
1676027171.469906,6,1.0
1676027171.47084,7,1.0
1676027171.471794,8,1.0
1676027171.47273,9,1.0
1676027171.473653,10,1.0
1676027171.474589,11,1.0
1676027171.475531,12,1.0
1676027171.476461,13,1.0
1676027171.477384,14,1.0
1676027171.478319,15,1.0
1676027171.479268,16,1.0
1676027171.480182,17,1.0
1676027171.481115,18,1.0
1676027171.482034,19,1.0
1676027171.482956,20,1.0
1676027171.483895,21,1.0
1676027171.484822,22,1.0
1676027171.485734,23,1.0
1676027171.486653,24,1.0
1676027171.487597,25,1.0
1676027171.488522,26,1.0
1676027171.489459,27,1.0
1676027171.490388,28,1.0
1676027171.491333,29,1.0
1676027171.492264,30,1.0
1676027171.493196,31,1.0
1676027171.494116,32,1.0
1676027171.495053,33,1.0
1676027171.496119,34,1.0
1676027171.497041,35,1.0
1676027171.497954,36,1.0
1676027171.498878,37,1.0
1676027171.499835,38,1.0
1676027171.500767,39,1.0
1676027171.501686,40,1.0
1676027171.502617,41,1.0
1676027171.503562,42,1.0
1676027171.504491,43,1.0
1676027171.505412,44,1.0
1676027171.506331,45,1.0
1676027171.507277,46,1.0
1676027171.508204,47,1.0
1676027171.509151,48,1.0
1676027171.510078,49,1.0
1676027171.511013,50,1.0
1676027171.511944,51,1.0
1676027171.512882,52,1.0
1676027171.513828,53,1.0
1676027171.514771,54,1.0
1676027171.515916,55,1.0
1676027171.516968,56,1.0
1676027171.517981,57,1.0
1676027171.519009,58,1.0
1676027171.520029,59,1.0
1676027171.521057,60,1.0
1676027171.522059,61,1.0
1676027171.523073,62,1.0
1676027171.524096,63,1.0
1676027171.525094,64,1.0
1676027171.526095,65,1.0
1676027171.527115,66,1.0
1676027171.528133,67,1.0
1676027171.52916,68,1.0
1676027171.530156,69,1.0
1676027171.531182,70,1.0
1676027171.532187,71,1.0
1676027171.533189,72,1.0
1676027171.534195,73,1.0
1676027171.535206,74,1.0
1676027171.536216,75,1.0
1676027171.537212,76,0.9899999499320984
1676027171.538213,77,0.9599999785423279
1676027171.539229,78,0.9300000071525574
1676027171.540251,79,0.8799999952316284
1676027171.541255,80,0.8499999642372131
1676027171.542257,81,0.8199999928474426
1676027171.543276,82,0.7599999904632568
1676027171.544277,83,0.7099999785423279
1676027171.545281,84,0.5999999642372131
1676027171.546279,85,0.5199999809265137
1676027171.547284,86,0.4899999797344208
1676027171.548283,87,0.44999998807907104
1676027171.549284,88,0.3499999940395355
1676027171.550285,89,0.3100000023841858
1676027171.551307,90,0.26999998092651367
1676027171.552306,91,0.20999999344348907
1676027171.553307,92,0.1899999976158142
1676027171.554301,93,0.14000000059604645
1676027171.55532,94,0.10999999940395355
1676027171.55632,95,0.07000000029802322
1676027171.557318,96,0.03999999910593033
1676027171.558317,97,0.019999999552965164
1676027171.559332,98,0.009999999776482582
1676027171.560327,99,0.009999999776482582
1676027171.561327,100,0.009999999776482582
1676027171.562323,101,0.0
1676027171.563337,102,0.0
1676027171.564329,103,0.0
1676027171.565645,104,0.0
1676027171.56682,105,0.0
1676027171.567947,106,0.0
1676027171.569046,107,0.0
1676027171.570332,108,0.0
1676027171.571466,109,0.0
1676027171.572716,110,0.0
1676027171.573815,111,0.0
1676027171.574802,112,0.0
1676027171.57574,113,0.0
1676027171.57666,114,0.0
1676027171.577579,115,0.0
1676027171.578505,116,0.0
1676027171.579454,117,0.0
1676027171.580377,118,0.0
1676027171.581303,119,0.0
1676027171.582226,120,0.0
1676027171.58317,121,0.0
1676027171.584091,122,0.0
1676027171.585169,123,0.0
1676027171.586103,124,0.0
1676027171.587238,125,0.0
1676027171.58818,126,0.0
1676027171.58911,127,0.0
1676027171.590221,128,0.0
1676027171.591178,129,0.0
1676027171.592111,130,0.0
1676027171.593037,131,0.0
1676027171.593961,132,0.0
1676027171.594885,133,0.0
1676027171.595836,134,0.0
1676027171.596755,135,0.0
1676027171.59768,136,0.0
1676027171.598605,137,0.0
1676027171.599558,138,0.0
1676027171.600627,139,0.0
1676027171.601558,140,0.0
1676027171.60249,141,0.0
1676027171.603441,142,0.0
1676027171.604361,143,0.0
1676027171.60545,144,0.0
1676027171.606382,145,0.0
1676027171.607352,146,0.0
1676027171.608272,147,0.0
1676027171.609205,148,0.0
1676027171.610133,149,0.0
1676027171.611083,150,0.0
1676027171.612005,151,0.0
1676027171.612932,152,0.0
1676027171.613856,153,0.0
1676027171.614789,154,0.0
1676027171.615732,155,0.0
1676027171.616671,156,0.0
1676027171.617604,157,0.0
1676027171.618527,158,0.0
1676027171.619474,159,0.0
1676027171.620402,160,0.0
1676027171.621317,161,0.0
1676027171.622246,162,0.0
1676027171.623199,163,0.0
1676027171.624233,164,0.0
1676027171.625284,165,0.0
1676027171.626516,166,0.0
1676027171.627914,167,0.0
1676027171.629241,168,0.0
1676027171.630432,169,0.0
1676027171.631619,170,0.0
1676027171.632642,171,0.0
1676027171.633651,172,0.0
1676027171.634663,173,0.0
1676027171.635708,174,0.0
1676027171.636722,175,0.0
1676027171.63773,176,0.0
1676027171.638751,177,0.0
1676027171.639791,178,0.0
1676027171.640799,179,0.0
1676027171.641802,180,0.0
1676027171.642812,181,0.0
1676027171.643846,182,0.0
1676027171.644867,183,0.0
1676027171.64587,184,0.0
1676027171.64687,185,0.0
1676027171.647917,186,0.0
1676027171.648929,187,0.0
1676027171.649968,188,0.0
1676027171.650994,189,0.0
1676027171.652026,190,0.0
1676027171.653225,191,0.0
1676027171.654243,192,0.0
1676027171.655282,193,0.0
1676027171.656495,194,0.0
1676027171.657508,195,0.0
1676027171.658518,196,0.0
1676027171.659552,197,0.0
1676027171.660561,198,0.0
1676027171.661568,199,0.0
1676027171.662579,200,0.0
1676027171.663602,201,0.0
1676027171.664619,202,0.0
1676027171.665781,203,0.0
1676027171.66679,204,0.0
1676027171.66782,205,0.0
1676027171.668825,206,0.0
1676027171.669827,207,0.0
1676027171.670832,208,0.0
1676027171.671858,209,0.0
1676027171.672871,210,0.0
1676027171.674084,211,0.0
1676027171.675313,212,0.0
1676027171.676642,213,0.0
1676027171.677794,214,0.0
1676027171.679166,215,0.0
1676027171.680503,216,0.0
1676027171.681659,217,0.0
1676027171.682744,218,0.0
1676027171.68375,219,0.0
1676027171.684718,220,0.0
1676027171.685673,221,0.0
1676027171.686643,222,0.0
1676027171.687627,223,0.0
1676027171.688604,224,0.0
1676027171.689568,225,0.0
1676027171.690524,226,0.0
1676027171.691719,227,0.0
1676027171.692695,228,0.0
1676027171.693822,229,0.0
1676027171.694787,230,0.0
1676027171.695782,231,0.0
1676027171.696741,232,0.0
1676027171.697717,233,0.0
1676027171.698682,234,0.0
1676027171.699682,235,0.0
1676027171.700656,236,0.0
1676027171.701624,237,0.0
1676027171.702594,238,0.0
1676027171.70358,239,0.0
1676027171.704542,240,0.0
1676027171.705502,241,0.0
1676027171.706453,242,0.0
1676027171.707706,243,0.0
1676027171.708889,244,0.0
1676027171.71005,245,0.0
1676027171.711209,246,0.0
1676027171.712348,247,0.0
1676027171.713484,248,0.0
1676027171.714621,249,0.0
1676027171.715751,250,0.0
1676027171.716729,251,0.0
1676027171.717697,252,0.0
1676027171.718662,253,0.0
1676027171.719643,254,0.0
1676027171.720599,255,0.0
1676027171.721549,256,0.0
1676027171.722511,257,0.0
1676027171.7235,258,0.0
1676027171.72446,259,0.0
1676027171.725429,260,0.0
1676027171.726387,261,0.0
1676027171.727371,262,0.0
1676027171.728368,263,0.0
1676027171.729327,264,0.0
1676027171.73045,265,0.0
1676027171.731444,266,0.0
1676027171.732583,267,0.0
1676027171.733545,268,0.0
1676027171.734508,269,0.0
1676027171.7355,270,0.0
1676027171.736466,271,0.0
1676027171.737419,272,0.0
1676027171.738391,273,0.0
1676027171.739365,274,0.0
1676027171.74035,275,0.0
1676027171.741315,276,0.0
1676027171.742279,277,0.0
1676027171.743271,278,0.0
1676027171.74423,279,0.0
1676027171.745187,280,0.0
1676027171.746147,281,0.0
1676027171.747147,282,0.0
1676027171.748124,283,0.0
1676027171.749105,284,0.0
1676027171.750075,285,0.0
1676027171.75105,286,0.0
1676027171.752008,287,0.0
1676027171.752969,288,0.0
1676027171.753933,289,0.0
1676027171.754891,290,0.0
1676027171.755873,291,0.0
1676027171.756838,292,0.0
1676027171.757797,293,0.0
1676027171.758753,294,0.0
1676027171.759739,295,0.0
1676027171.760698,296,0.0
1676027171.761664,297,0.0
1676027171.762618,298,0.0
1676027171.763593,299,0.0
1676027171.764553,300,0.0
1676027171.765517,301,0.0
1676027171.766738,302,0.0
1676027171.767725,303,0.0
1676027171.768888,304,0.0
1676027171.769865,305,0.0
1676027171.770825,306,0.0
1676027171.772034,307,0.0
1676027171.773,308,0.0
1676027171.773962,309,0.0
1676027171.774941,310,0.0
1676027171.775965,311,0.0
1676027171.77696,312,0.0
1676027171.777919,313,0.0
1676027171.778877,314,0.0
1676027171.779885,315,0.0
1676027171.781053,316,0.0
1676027171.782035,317,0.0
1676027171.783032,318,0.0
1676027171.78402,319,0.0
1676027171.785195,320,0.0
1676027171.786164,321,0.0
1676027171.787163,322,0.0
1676027171.788157,323,0.0
1676027171.789122,324,0.0
1676027171.790082,325,0.0
1676027171.791066,326,0.0
1676027171.792043,327,0.0
1676027171.793017,328,0.0
1676027171.79397,329,0.0
1676027171.794945,330,0.0
1676027171.795908,331,0.0
1676027171.796843,332,0.0
1676027171.797795,333,0.0
1676027171.798749,334,0.0
1676027171.799739,335,0.0
1676027171.800695,336,0.0
1676027171.801659,337,0.0
1676027171.802623,338,0.0
1676027171.803611,339,0.0
1676027171.804582,340,0.0
1676027171.805549,341,0.0
1676027171.806501,342,0.0
1676027171.807504,343,0.0
1676027171.808473,344,0.0
1676027171.809436,345,0.0
1676027171.810398,346,0.0
1676027171.811372,347,0.0
1676027171.812337,348,0.0
1676027171.813292,349,0.0
1676027171.814253,350,0.0
1676027171.815242,351,0.0
1676027171.816201,352,0.0
1676027171.817164,353,0.0
1676027171.818126,354,0.0
1676027171.819127,355,0.0
1676027171.820092,356,0.0
1676027171.821266,357,0.0
1676027171.822419,358,0.0
1676027171.823392,359,0.0
1676027171.824371,360,0.0
1676027171.82533,361,0.0
1676027171.826279,362,0.0
1676027171.827265,363,0.0
1676027171.828234,364,0.0
1676027171.8292,365,0.0
1676027171.830164,366,0.0
1676027171.831139,367,0.0
1676027171.832109,368,0.0
1676027171.833079,369,0.0
1676027171.834039,370,0.0
1676027171.835009,371,0.0
1676027171.835982,372,0.0
1676027171.836954,373,0.0
1676027171.837914,374,0.0
1676027171.838871,375,0.0
1676027171.839866,376,0.0
1676027171.84083,377,0.0
1676027171.841793,378,0.0
1676027171.842759,379,0.0
1676027171.843736,380,0.0
1676027171.844706,381,0.0
1676027171.845666,382,0.0
1676027171.846615,383,0.0
1676027171.847592,384,0.0
1676027171.848558,385,0.0
1676027171.84952,386,0.0
1676027171.850473,387,0.0
1676027171.851477,388,0.0
1676027171.852607,389,0.0
1676027171.853581,390,0.0
1676027171.854537,391,0.0
1676027171.855519,392,0.0
1676027171.856479,393,0.0
1676027171.857446,394,0.0
1676027171.858495,395,0.0
1676027171.85948,396,0.0
1676027171.860451,397,0.0
1676027171.861417,398,0.0
1676027171.862375,399,0.0
1676027171.863357,400,0.0
1676027171.864327,401,0.0
1676027171.865279,402,0.0
1676027171.866254,403,0.0
1676027171.867376,404,0.0
1676027171.868344,405,0.0
1676027171.869307,406,0.0
1676027171.870264,407,0.0
1676027171.871274,408,0.0
1676027171.872243,409,0.0
1676027171.873207,410,0.0
1676027171.874163,411,0.0
1676027171.875368,412,0.0
1676027171.876538,413,0.0
1676027171.877686,414,0.0
1676027171.878821,415,0.0
1676027171.87999,416,0.0
1676027171.881144,417,0.0
1676027171.882284,418,0.0
1676027171.883526,419,0.0
1676027171.884539,420,0.0
1676027171.885477,421,0.0
1676027171.886405,422,0.0
1676027171.887356,423,0.0
1676027171.888295,424,0.0
1676027171.889228,425,0.0
1676027171.890159,426,0.0
1676027171.89111,427,0.0
1676027171.892048,428,0.0
1676027171.893135,429,0.0
1676027171.894124,430,0.0
1676027171.895108,431,0.0
1676027171.896074,432,0.0
1676027171.89703,433,0.0
1676027171.897983,434,0.0
1676027171.898951,435,0.0
1676027171.89991,436,0.0
1676027171.90087,437,0.0
1676027171.90183,438,0.0
1676027171.90279,439,0.0
1676027171.90377,440,0.0
1676027171.904723,441,0.0
1676027171.90567,442,0.0
1676027171.906616,443,0.0
1676027171.907591,444,0.0
1676027171.908548,445,0.0
1676027171.909498,446,0.0
1676027171.91045,447,0.0
1676027171.911415,448,0.0
1676027171.912342,449,0.0
1676027171.913265,450,0.0
1676027171.914186,451,0.0
1676027171.915119,452,0.0
1676027171.91606,453,0.0
1676027171.916987,454,0.0
1676027171.917915,455,0.0
1676027171.918838,456,0.0
1676027171.919796,457,0.0
1676027171.920734,458,0.0
1676027171.921662,459,0.0
1676027171.922577,460,0.0
1676027171.92353,461,0.0
1676027171.924467,462,0.0
1676027171.9254,463,0.0
1676027171.926327,464,0.0
1676027171.927284,465,0.0
1676027171.928226,466,0.0
1676027171.929162,467,0.0
1676027171.930106,468,0.0
1676027171.931054,469,0.0
1676027171.931991,470,0.0
1676027171.932921,471,0.0
1676027171.933851,472,0.0
1676027171.934786,473,0.0
1676027171.935792,474,0.0
1676027171.936722,475,0.0
1676027171.937649,476,0.0
1676027171.938577,477,0.0
1676027171.939531,478,0.0
1676027171.940456,479,0.0
1676027171.941388,480,0.0
1676027171.94232,481,0.0
1676027171.943265,482,0.0
1676027171.944193,483,0.0
1676027171.945118,484,0.0
1676027171.946047,485,0.0
1676027171.946986,486,0.0
1676027171.947919,487,0.0
1676027171.949008,488,0.0
1676027171.949946,489,0.0
1676027171.950873,490,0.0
1676027171.951834,491,0.0
1676027171.952902,492,0.0
1676027171.953834,493,0.0
1676027171.95476,494,0.0
1676027171.955708,495,0.0
1676027171.956637,496,0.0
1676027171.957567,497,0.0
1676027171.958496,498,0.0
1676027171.959439,499,0.0
1676027171.960372,500,0.0
1676027171.961317,501,0.0
1676027171.962251,502,0.0
1676027171.963365,503,0.0
1676027171.964296,504,0.0
1676027171.96529,505,0.0
1676027171.966224,506,0.0
1676027171.967187,507,0.0
1676027171.968267,508,0.0
1676027171.969203,509,0.0
1676027171.970138,510,0.0
1676027171.971084,511,0.0
1676027171.972039,512,0.0
1676027171.97297,513,0.0
1676027171.973899,514,0.0
1676027171.97483,515,0.0
1676027171.975791,516,0.0
1676027171.976722,517,0.0
1676027171.977647,518,0.0
1676027171.978584,519,0.0
1676027171.979538,520,0.0
1676027171.980479,521,0.0
1676027171.981412,522,0.0
1676027171.982342,523,0.0
1676027171.983291,524,0.0
1676027171.984227,525,0.0
1676027171.985156,526,0.0
1676027171.986096,527,0.0
1676027171.987039,528,0.0
1676027171.987976,529,0.0
1676027171.988908,530,0.0
1676027171.989837,531,0.0
1676027171.990762,532,0.0
1676027171.991719,533,0.0
1676027171.992651,534,0.0
1676027171.993586,535,0.0
1676027171.994514,536,0.0
1676027171.995474,537,0.0
1676027171.996409,538,0.0
1676027171.997339,539,0.0
1676027171.99827,540,0.0
1676027171.999214,541,0.0
1676027172.000166,542,0.0
1676027172.001103,543,0.0
1676027172.002036,544,0.0
1676027172.002984,545,0.0
1676027172.003918,546,0.0
1676027172.004851,547,0.0
1676027172.005784,548,0.0
1676027172.006711,549,0.0
1676027172.007664,550,0.0
1676027172.008592,551,0.0
1676027172.009517,552,0.0
1676027172.010439,553,0.0
1676027172.011378,554,0.0
1676027172.012311,555,0.0
1676027172.013244,556,0.0
1676027172.014177,557,0.0
1676027172.015119,558,0.0
1676027172.016054,559,0.0
1676027172.016999,560,0.0
1676027172.017932,561,0.0
1676027172.018859,562,0.0
1676027172.019819,563,0.0
1676027172.02078,564,0.0
1676027172.021706,565,0.0
1676027172.022656,566,0.0
1676027172.02362,567,0.0
1676027172.024555,568,0.0
1676027172.025507,569,0.0
1676027172.026438,570,0.0
1676027172.027408,571,0.0
1676027172.028335,572,0.0
1676027172.029261,573,0.0
1676027172.030238,574,0.0
1676027172.031231,575,0.0
1676027172.032226,576,0.0
1676027172.033212,577,0.0
1676027172.034186,578,0.0
1676027172.035182,579,0.0
1676027172.036161,580,0.0
1676027172.037155,581,0.0
1676027172.038135,582,0.0
1676027172.039279,583,0.0
1676027172.040251,584,0.0
1676027172.041234,585,0.0
1676027172.042218,586,0.0
1676027172.043223,587,0.0
1676027172.044228,588,0.0
1676027172.045213,589,0.0
1676027172.046303,590,0.0
1676027172.047322,591,0.0
1676027172.048313,592,0.0
1676027172.049283,593,0.0
1676027172.050267,594,0.0
1676027172.053508,595,0.0
1676027172.054565,596,0.0
1676027172.055593,597,0.0
1676027172.056597,598,0.0
1676027172.057584,599,0.0
1676027172.058574,600,0.0
1676027172.059587,601,0.0
1676027172.060589,602,0.0
1676027172.061577,603,0.0
1676027172.062762,604,0.0
1676027172.063777,605,0.0
1676027172.064763,606,0.0
1676027172.065869,607,0.0
1676027172.066947,608,0.0
1676027172.067966,609,0.0
1676027172.069134,610,0.0
1676027172.070094,611,0.0
1676027172.071179,612,0.0
1676027172.072236,613,0.0
1676027172.073319,614,0.0
1676027172.07452,615,0.0
1676027172.075556,616,0.0
1676027172.076565,617,0.0
1676027172.077576,618,0.0
1676027172.078572,619,0.0
1676027172.079648,620,0.0
1676027172.080668,621,0.0
1676027172.081663,622,0.0
1676027172.082671,623,0.0
1676027172.083741,624,0.0
1676027172.084755,625,0.0
1676027172.085757,626,0.0
1676027172.08675,627,0.0
1676027172.087805,628,0.0
1676027172.088883,629,0.0
1676027172.089928,630,0.0
1676027172.090969,631,0.0
1676027172.092084,632,0.0
1676027172.093278,633,0.0
1676027172.094537,634,0.0
1676027172.095831,635,0.0
1676027172.096915,636,0.0
1676027172.098087,637,0.0
1676027172.099425,638,0.0
1676027172.100584,639,0.0
1676027172.101708,640,0.0
1676027172.102823,641,0.0
1676027172.103861,642,0.0
1676027172.104812,643,0.0
1676027172.105756,644,0.0
1676027172.106698,645,0.0
1676027172.10768,646,0.0
1676027172.10863,647,0.0
1676027172.10957,648,0.0
1676027172.110526,649,0.0
1676027172.1115,650,0.0
1676027172.112448,651,0.0
1676027172.113584,652,0.0
1676027172.114655,653,0.0
1676027172.115804,654,0.0
1676027172.116837,655,0.0
1676027172.117898,656,0.0
1676027172.118916,657,0.0
1676027172.1202,658,0.0
1676027172.121371,659,0.0
1676027172.122389,660,0.0
1676027172.123385,661,0.0
1676027172.124368,662,0.0
1676027172.125344,663,0.0
1676027172.126312,664,0.0
1676027172.127343,665,0.0
1676027172.128323,666,0.0
1676027172.129292,667,0.0
1676027172.130283,668,0.0
1676027172.131284,669,0.0
1676027172.132253,670,0.0
1676027172.133214,671,0.0
1676027172.134184,672,0.0
1676027172.135169,673,0.0
1676027172.136134,674,0.0
1676027172.137113,675,0.0
1676027172.138087,676,0.0
1676027172.139084,677,0.0
1676027172.14007,678,0.0
1676027172.141049,679,0.0
1676027172.142015,680,0.0
1676027172.143014,681,0.0
1676027172.143987,682,0.0
1676027172.144967,683,0.0
1676027172.145946,684,0.0
1676027172.146917,685,0.0
1676027172.147919,686,0.0
1676027172.148893,687,0.0
1676027172.149867,688,0.0
1676027172.150831,689,0.0
1676027172.151862,690,0.0
1676027172.152838,691,0.0
1676027172.153816,692,0.0
1676027172.154796,693,0.0
1676027172.15581,694,0.0
1676027172.156783,695,0.0
1676027172.15775,696,0.0
1676027172.158722,697,0.0
1676027172.159715,698,0.0
1676027172.16068,699,0.0
1676027172.161665,700,0.0
1676027172.162645,701,0.0
1676027172.163632,702,0.0
1676027172.164604,703,0.0
1676027172.165562,704,0.0
1676027172.166531,705,0.0
1676027172.167557,706,0.0
1676027172.168545,707,0.0
1676027172.169654,708,0.0
1676027172.170629,709,0.0
1676027172.171619,710,0.0
1676027172.17259,711,0.0
1676027172.173565,712,0.0
1676027172.174751,713,0.0
1676027172.175935,714,0.0
1676027172.177042,715,0.0
1676027172.178013,716,0.0
1676027172.179005,717,0.0
1676027172.179984,718,0.0
1676027172.180963,719,0.0
1676027172.181936,720,0.0
1676027172.182905,721,0.0
1676027172.183903,722,0.0
1676027172.184876,723,0.0
1676027172.185858,724,0.0
1676027172.186837,725,0.0
1676027172.187865,726,0.0
1676027172.188843,727,0.0
1676027172.189827,728,0.0
1676027172.190805,729,0.0
1676027172.191812,730,0.0
1676027172.192792,731,0.0
1676027172.193778,732,0.0
1676027172.194763,733,0.0
1676027172.195768,734,0.0
1676027172.196751,735,0.0
1676027172.197732,736,0.0
1676027172.198711,737,0.0
1676027172.199718,738,0.0
1676027172.200702,739,0.0
1676027172.201675,740,0.0
1676027172.202651,741,0.0
1676027172.203911,742,0.0
1676027172.205013,743,0.0
1676027172.206036,744,0.0
1676027172.207078,745,0.0
1676027172.208097,746,0.0
1676027172.20911,747,0.0
1676027172.21012,748,0.0
1676027172.21115,749,0.0
1676027172.212162,750,0.0
1676027172.213155,751,0.0
1676027172.214148,752,0.0
1676027172.215167,753,0.0
1676027172.216276,754,0.0
1676027172.21789,755,0.0
1676027172.228469,756,0.0
1676027172.229558,757,0.0
1676027172.230562,758,0.0
1676027172.231585,759,0.0
1676027172.232632,760,0.0
1676027172.233648,761,0.0
1676027172.234641,762,0.0
1676027172.235716,763,0.0
1676027172.236906,764,0.0
1676027172.238103,765,0.0
1676027172.239306,766,0.0
1676027172.240551,767,0.0
1676027172.241814,768,0.0
1676027172.242911,769,0.0
1676027172.243958,770,0.0
1676027172.244938,771,0.0
1676027172.245913,772,0.0
1676027172.246888,773,0.0
1676027172.247884,774,0.0
1676027172.248856,775,0.0
1676027172.249836,776,0.0
1676027172.250799,777,0.0
1676027172.251767,778,0.0
1676027172.252719,779,0.0
1676027172.25367,780,0.0
1676027172.254622,781,0.0
1676027172.255588,782,0.0
1676027172.256542,783,0.0
1676027172.257493,784,0.0
1676027172.258451,785,0.0
1676027172.259413,786,0.0
1676027172.260361,787,0.0
1676027172.261316,788,0.0
1676027172.262274,789,0.0
1676027172.26326,790,0.0
1676027172.264224,791,0.0
1676027172.265195,792,0.0
1676027172.266151,793,0.0
1676027172.267118,794,0.0
1676027172.268088,795,0.0
1676027172.269059,796,0.0
1676027172.270016,797,0.0
1676027172.270989,798,0.0
1676027172.271952,799,0.0
1676027172.272906,800,0.0
1676027172.273862,801,0.0
1676027172.274835,802,0.0
1676027172.275836,803,0.0
1676027172.276805,804,0.0
1676027172.277757,805,0.0
1676027172.278862,806,0.0
1676027172.279842,807,0.0
1676027172.280802,808,0.0
1676027172.281752,809,0.0
1676027172.282704,810,0.0
1676027172.283685,811,0.0
1676027172.28464,812,0.0
1676027172.285594,813,0.0
1676027172.286542,814,0.0
1676027172.287502,815,0.0
1676027172.288457,816,0.0
1676027172.289414,817,0.0
1676027172.290362,818,0.0
1676027172.29133,819,0.0
1676027172.292283,820,0.0
1676027172.29323,821,0.0
1676027172.294186,822,0.0
1676027172.295167,823,0.0
1676027172.296133,824,0.0
1676027172.297094,825,0.0
1676027172.298047,826,0.0
1676027172.299013,827,0.0
1676027172.299976,828,0.0
1676027172.300943,829,0.0
1676027172.301902,830,0.0
1676027172.302858,831,0.0
1676027172.303844,832,0.0
1676027172.304798,833,0.0
1676027172.305758,834,0.0
1676027172.306721,835,0.0
1676027172.307705,836,0.0
1676027172.308658,837,0.0
1676027172.309612,838,0.0
1676027172.310557,839,0.0
1676027172.311529,840,0.0
1676027172.312487,841,0.0
1676027172.313446,842,0.0
1676027172.314404,843,0.0
1676027172.315374,844,0.0
1676027172.318253,845,0.0
1676027172.319312,846,0.0
1676027172.320344,847,0.0
1676027172.321354,848,0.0
1676027172.322465,849,0.0
1676027172.323507,850,0.0
1676027172.3245,851,0.0
1676027172.325489,852,0.0
1676027172.326479,853,0.0
1676027172.327522,854,0.0
1676027172.328666,855,0.0
1676027172.329655,856,0.0
1676027172.330643,857,0.0
1676027172.331668,858,0.0
1676027172.332652,859,0.0
1676027172.33364,860,0.0
1676027172.334621,861,0.0
1676027172.335639,862,0.0
1676027172.33664,863,0.0
1676027172.337628,864,0.0
1676027172.33863,865,0.0
1676027172.339639,866,0.0
1676027172.340634,867,0.0
1676027172.341626,868,0.0
1676027172.342612,869,0.0
1676027172.343634,870,0.0
1676027172.344621,871,0.0
1676027172.345596,872,0.0
1676027172.346591,873,0.0
1676027172.347583,874,0.0
1676027172.348566,875,0.0
1676027172.349552,876,0.0
1676027172.350536,877,0.0
1676027172.351546,878,0.0
1676027172.352529,879,0.0
1676027172.353518,880,0.0
1676027172.354511,881,0.0
1676027172.355531,882,0.0
1676027172.356514,883,0.0
1676027172.357499,884,0.0
1676027172.35848,885,0.0
1676027172.359507,886,0.0
1676027172.360462,887,0.0
1676027172.361415,888,0.0
1676027172.362406,889,0.0
1676027172.36346,890,0.0
1676027172.364452,891,0.0
1676027172.365442,892,0.0
1676027172.366429,893,0.0
1676027172.367445,894,0.0
1676027172.368443,895,0.0
1676027172.369427,896,0.0
1676027172.37042,897,0.0
1676027172.37144,898,0.0
1676027172.372435,899,0.0
1676027172.373429,900,0.0
1676027172.374429,901,0.0
1676027172.375439,902,0.0
1676027172.376428,903,0.0
1676027172.377423,904,0.0
1676027172.378418,905,0.0
1676027172.379577,906,0.0
1676027172.380593,907,0.0
1676027172.381595,908,0.0
1676027172.382591,909,0.0
1676027172.383624,910,0.0
1676027172.38463,911,0.0
1676027172.385626,912,0.0
1676027172.386639,913,0.0
1676027172.38765,914,0.0
1676027172.388646,915,0.0
1676027172.389639,916,0.0
1676027172.390629,917,0.0
1676027172.39164,918,0.0
1676027172.392635,919,0.0
1676027172.393629,920,0.0
1676027172.394629,921,0.0
1676027172.395644,922,0.0
1676027172.396638,923,0.0
1676027172.397638,924,0.0
1676027172.398633,925,0.0
1676027172.399656,926,0.0
1676027172.400646,927,0.0
1676027172.401646,928,0.0
1676027172.40265,929,0.0
1676027172.403679,930,0.0
1676027172.404673,931,0.0
1676027172.40583,932,0.0
1676027172.40689,933,0.0
1676027172.40791,934,0.0
1676027172.408894,935,0.0
1676027172.409872,936,0.0
1676027172.410845,937,0.0
1676027172.411851,938,0.0
1676027172.412833,939,0.0
1676027172.413812,940,0.0
1676027172.414778,941,0.0
1676027172.415858,942,0.0
1676027172.416834,943,0.0
1676027172.417794,944,0.0
1676027172.418758,945,0.0
1676027172.419767,946,0.0
1676027172.420731,947,0.0
1676027172.421709,948,0.0
1676027172.422675,949,0.0
1676027172.423685,950,0.0
1676027172.424658,951,0.0
1676027172.425628,952,0.0
1676027172.426599,953,0.0
1676027172.427599,954,0.0
1676027172.428729,955,0.0
1676027172.429706,956,0.0
1676027172.430678,957,0.0
1676027172.431686,958,0.0
1676027172.432658,959,0.0
1676027172.433624,960,0.0
1676027172.434616,961,0.0
1676027172.435609,962,0.0
1676027172.43657,963,0.0
1676027172.437532,964,0.0
1676027172.438503,965,0.0
1676027172.439488,966,0.0
1676027172.44048,967,0.0
1676027172.441642,968,0.0
1676027172.442605,969,0.0
1676027172.443606,970,0.0
1676027172.444577,971,0.0
1676027172.44555,972,0.0
1676027172.446517,973,0.0
1676027172.4475,974,0.0
1676027172.448468,975,0.0
1676027172.449437,976,0.0
1676027172.450402,977,0.0
1676027172.451393,978,0.0
1676027172.452369,979,0.0
1676027172.453359,980,0.0
1676027172.454323,981,0.0
1676027172.455313,982,0.0
1676027172.456288,983,0.0
1676027172.457257,984,0.0
1676027172.458217,985,0.0
1676027172.459205,986,0.0
1676027172.460185,987,0.0
1676027172.461154,988,0.0
1676027172.462119,989,0.0
1676027172.463114,990,0.0
1676027172.464088,991,0.0
1676027172.465046,992,0.0
1676027172.466042,993,0.0
1676027172.467031,994,0.0
1676027172.468,995,0.0
1676027172.468968,996,0.0
1676027172.469946,997,0.0
1676027172.470914,998,0.0
1676027172.47191,999,0.0
